,Entretien
1,REMPLACER - COMPRESSEUR À AIR
2,RECHERCHER PANNE (diagnostic) - RADIATEUR
3,RÉPARER - POMPE À INJECTION
4,REMPLACER - VENTILATEUR
5,RÉPARER - FABRIQUE SYSTÈME ÉLECTRIQUE,RÉPARER - FABRIQUE SYSTÈME ÉLECTRIQUE
6,REMPLACER - ÉTRIERS
7,REMPLACER - RÉSISTANCE,REMPLACER - CHASSIS PIÈCE CARROSSERIE
8,REMPLACER - TRANSMISSION HUILE (entretien) + FILTRE BOÎTE DE TRANSFERT
9,REMPLACER - ESSUIE-GLACE
10,AJUSTER - FILAGE ÉLECTRIQUE
11,RÉPARER - ESPAR
12,RÉPARER - RÉSERVOIR
13,RÉPARER - FILAGE ÉLECTRIQUE
14,RÉPARER - FABRIQUE SYSTÈME ÉLECTRIQUE
15,RÉPARER - COMPRESSEUR
16,RÉPARER - COMPRESSEUR
17,RÉPARER - COMPRESSEUR
18,MODIFIER - COMPRESSEUR
19,VÉRIFIER - BOUCHONS
20,REMPLACER - ÉTRIERS
21,RÉPARER - FILAGE ÉLECTRIQUE,RÉPARER - FUITE HUILE,TOURNER / MACHINER / FABRIQUER - AJUSTEMENT D'USAGE,RÉPARER - FLÈCHE SIGNALÉTIQUE
22,REMPLACER - DISQUES
23,VÉRIFIER - CHASSIS INSPECTION VISUEL CARROSSERIE
24,RÉPARER - AJUSTEMENT D'USAGE
25,REMPLACER - DISQUES,REMPLACER - CYLINDRE DE FREIN
26,RÉPARER - SOUPAPE DE DIRECTION
27,RÉPARER - TOILE DE BENNE
28,REMPLACER - FILAGE ÉLECTRIQUE
29,RÉPARER - FILAGE ÉLECTRIQUE,NETTOYER / LAVER - COMPRESSEUR,RÉPARER - FILAGE ÉLECTRIQUE
30,RÉPARER - FILAGE ÉLECTRIQUE
31,RÉPARER - FUITE HUILE,REMPLACER - TUYAUX,NETTOYER / LAVER - BATTERIE,REMPLACER - PNEU PNEU ROUE,RÉPARER - COMPRESSEUR,REMPLACER - BIELLE DE RACCORDEMENT
32,REMPLACER - POMPE À SERVO-DIRECTION
33,REMPLACER - ESSUIE-GLACE,RÉPARER - FILAGE ÉLECTRIQUE
34,REMPLACER - FILAGE ÉLECTRIQUE
35,RECHERCHER PANNE (diagnostic) - COMPRESSEUR
36,REMPLACER - CHASSIS RÉPARATION / DÉBOSSELAGE CARROSSERIE
37,TOURNER / MACHINER / FABRIQUER - PNEU PNEU ROUE
38,REMPLACER - FILAGE ÉLECTRIQUE
39,REMPLACER - FILAGE ÉLECTRIQUE,RÉPARER - MISE AU POINT (Tune -up)
40,RÉPARER - BOÎTIER DE DIRECTION ( Steering box)
41,REMPLACER - FILAGE ÉLECTRIQUE
42,REMPLACER - SYSTÈME D'ALARME
43,RÉPARER - TUYAUX
44,RÉPARER - ESPAR,REMPLACER - ESPAR
45,RÉPARER - TUYAUX,RÉPARER - FLÈCHE SIGNALÉTIQUE
46,RÉPARER - FILAGE ÉLECTRIQUE
47,AJUSTER - CYLINDRE DE LEVAGE
48,RÉPARER - COMPRESSEUR
49,RÉPARER - RÉGLEUR (Slack ajuster)
50,RECHERCHER PANNE (diagnostic) - ALTERNATEUR
51,RECHERCHER PANNE (diagnostic) - FILAGE ÉLECTRIQUE
52,AJUSTER - RÉGLEUR (Slack ajuster),REMPLACER - ESSUIE-GLACE
53,RECHERCHER PANNE (diagnostic) - FILAGE ÉLECTRIQUE,RÉPARER - CHASSIS PIÈCE CARROSSERIE
54,RÉPARER - JOINT ÉTANCHÉITÉ,RÉPARER - CHASSIS PIÈCE CARROSSERIE,REMPLACER - POMPE À EAU,REMPLACER - CYLINDRE DE FREIN,REMPLACER - CHASSIS PIÈCE CARROSSERIE
55,RÉPARER - COMPRESSEUR
56,RÉPARER - FILAGE ÉLECTRIQUE
57,AJUSTER - CHASSIS PIÈCE CARROSSERIE,RÉPARER - FLÈCHE SIGNALÉTIQUE,RÉPARER - LUMIÈRE DE JOUR (Day running light)
58,RÉPARER - TUYAUX
59,REMPLACER - THERMOSTAT
60,RÉPARER - FABRIQUE SYSTÈME ÉLECTRIQUE
61,RÉPARER - CHASSIS RÉPARATION / DÉBOSSELAGE CARROSSERIE
62,RÉPARER - FILAGE ÉLECTRIQUE
63,REMPLACER - PNEU PNEU ROUE
64,RECHERCHER PANNE (diagnostic) - VANAIR
65,RÉPARER - CODE DÉFAUT MOTEUR (Fault code)
66,REMPLACER - PNEU PNEU ROUE
67,RECHERCHER PANNE (diagnostic) - VANAIR
68,RECHERCHER PANNE (diagnostic) - FILAGE ÉLECTRIQUE
69,RECHERCHER PANNE (diagnostic) - FILAGE ÉLECTRIQUE
70,REMPLACER - SABOTS
71,REMPLACER - ÉTRIERS,TOURNER / MACHINER / FABRIQUER - INSTRUMENT TABLEAU DE BORD (Gauge dash)
72,NETTOYER / LAVER - SABOTS
73,RECHERCHER PANNE (diagnostic) - DÉMARREUR
74,RECHERCHER PANNE (diagnostic) - DÉMARREUR,RÉPARER - FILAGE ÉLECTRIQUE
75,RÉPARER - VOLANT DU VILEBREQUIN (FlyWheel)
76,REMPLACER - BATTERIE
77,RECHERCHER PANNE (diagnostic) - SYSTÈME DE KLAXON
78,RÉPARER - FLÈCHE SIGNALÉTIQUE
79,REMPLACER - CHASSIS PIÈCE CARROSSERIE
80,DÉBOSSELER - CHASSIS RÉPARATION / DÉBOSSELAGE CARROSSERIE
81,RECHERCHER PANNE (diagnostic) - INSTRUMENT TABLEAU DE BORD (Gauge dash)
82,RÉPARER - RÉGLEUR (Slack ajuster)
83,REMPLACER - TRANSMISSION TRANSMISSION AUTOMATIQUE BOÎTE DE TRANSFERT
84,REMPLACER - SILENCIEUX
85,REMPLACER - AIR DRYER
86,REMPLACER - AIR DRYER
87,RECHERCHER PANNE (diagnostic) - ALTERNATEUR
88,RÉPARER - ÉTRIERS,RÉPARER - MAÎTRE CYLINDRE
89,NETTOYER / LAVER - TAMBOURS
90,MODIFIER - ESPAR
91,RÉPARER - FILAGE ÉLECTRIQUE
92,INSTALLER - AJUSTEMENT D'USAGE
93,MODIFIER - AJUSTEMENT D'USAGE
94,RÉPARER - CHASSIS RÉPARATION / DÉBOSSELAGE CARROSSERIE
95,REMPLACER - THERMOSTAT
96,RECHERCHER PANNE (diagnostic) - VANAIR
97,RÉPARER - CHASSIS PIÈCE CARROSSERIE
98,RECHERCHER PANNE (diagnostic) - FILAGE ÉLECTRIQUE
99,RECHERCHER PANNE (diagnostic) - FILAGE ÉLECTRIQUE
100,VÉRIFIER - BATTERIE
101,RECHERCHER PANNE (diagnostic) - CODE DÉFAUT VANAIR (Fault code)
102,RECHERCHER PANNE (diagnostic) - CHAUFFAGE CONTRÔLE SYSTÈME DE CLIMATISATION
103,SURVOLTER - BATTERIE
104,RECHERCHER PANNE (diagnostic) - VANAIR
105,AJUSTER - MISE AU POINT (Tune -up)
106,RÉPARER - AMORTISSEUR
107,REMPLACER - PNEU PNEU ROUE
108,RECHERCHER PANNE (diagnostic) - CYLINDRE DE LEVAGE
109,RECHERCHER PANNE (diagnostic) - COMPRESSEUR
110,RECHERCHER PANNE (diagnostic) - Programme Entretien Préventif
111,VÉRIFIER - VANAIR
112,AJUSTER - RÉGLEUR (Slack ajuster)
113,REMPLACER - AMORTISSEUR,RÉPARER - PNEU PNEU ROUE
114,RÉPARER - RÉGLEUR (Slack ajuster)
115,REMPLACER - COMPOSANTE MAJEURE DU MOTEUR
116,RÉPARER - BOÎTIER DE DIRECTION ( Steering box),RÉPARER - RÉSERVOIR À AIR,RÉPARER - TUYAUX,RÉPARER - MISE AU POINT (Tune -up)
117,RÉPARER - FLÈCHE SIGNALÉTIQUE,REMPLACER - PLAQUETTES
118,REMPLACER - RÉCEPTEUR (Booster)
119,REMPLACER - SABOTS
120,INSTALLER - FILAGE ÉLECTRIQUE
121,MODIFIER - COMPRESSEUR,INSTALLER - CHASSIS PIÈCE CARROSSERIE,AJUSTER - COMPRESSEUR
122,REMPLACER - POMPE À EAU
123,REMPLACER - RÉSERVOIR
124,MODIFIER - VALVE DE SUSPENSION
125,RÉPARER - FLÈCHE SIGNALÉTIQUE
126,RÉPARER - POMPE HYDRAULIQUE SYSTÈME PRINCIPAL
127,VÉRIFIER - POMPE HYDRAULIQUE SYSTÈME PRINCIPAL
128,RECHERCHER PANNE (diagnostic) - TAMBOURS
129,INSTALLER - FILAGE ÉLECTRIQUE,RECHERCHER PANNE (diagnostic) - COMPOSANTE MAJEURE DU MOTEUR
130,RECHERCHER PANNE (diagnostic) - VANAIR
131,VÉRIFIER - PNEU PNEU ROUE
132,NETTOYER / LAVER - BATTERIE,RÉPARER - POMPE À SERVO-DIRECTION,REMPLACER - COLLET
133,REMPLACER - GYROPHARE
134,RÉPARER - FLÈCHE SIGNALÉTIQUE
135,VÉRIFIER - COMPRESSEUR
136,INSTALLER - FABRIQUE SYSTÈME ÉLECTRIQUE
137,RECHERCHER PANNE (diagnostic) - POMPE HYDRAULIQUE SYSTÈME PRINCIPAL,REMPLACER - AIR DRYER
138,RÉPARER - AIR DRYER
139,RÉPARER - CODE DÉFAUT VANAIR (Fault code)
140,NETTOYER / LAVER - COMPRESSEUR,RÉPARER - COMPRESSEUR À AIR
141,RÉPARER - COMPRESSEUR
142,REMPLACER - LUMIÈRE DE JOUR (Day running light)
143,VÉRIFIER - COMPRESSEUR
144,REMPLACER - BOUCHONS
145,RÉPARER - TRANSMISSION TRANSMISSION AUTOMATIQUE BOÎTE DE TRANSFERT
146,REMPLACER - FUITE HUILE,REMPLACER - TUYAUX
147,RÉPARER - INSTRUMENT TABLEAU DE BORD (Gauge dash)
148,MODIFIER - FILAGE ÉLECTRIQUE
149,RÉPARER - CHASSIS RÉPARATION / DÉBOSSELAGE CARROSSERIE
150,RECHERCHER PANNE (diagnostic) - FILAGE ÉLECTRIQUE,RECHERCHER PANNE (diagnostic) - BATTERIE
151,VÉRIFIER - ALTERNATEUR
152,REMPLACER - TUYAUX
153,RÉPARER - COMPOSANTE MAJEURE DU MOTEUR,RÉPARER - SOUPAPE SYSTÈME PRINCIPAL,REMPLACER - AMORTISSEUR,RÉPARER - SOUPAPE SYSTÈME PRINCIPAL
154,RÉPARER - CHASSIS RÉPARATION / DÉBOSSELAGE CARROSSERIE
155,RÉPARER - Programme Entretien Préventif
156,INSTALLER - FABRIQUE SYSTÈME ÉLECTRIQUE
157,VÉRIFIER - INSTRUMENT TABLEAU DE BORD (Gauge dash)
158,AJUSTER - RÉGLEUR (Slack ajuster),INSTALLER - FABRIQUE SYSTÈME ÉLECTRIQUE,INSTALLER - FABRIQUE SYSTÈME ÉLECTRIQUE
159,INSTALLER - FABRIQUE SYSTÈME ÉLECTRIQUE
160,RECHERCHER PANNE (diagnostic) - DÉMARREUR
161,RECHERCHER PANNE (diagnostic) - POMPE HYDRAULIQUE SYSTÈME PRINCIPAL
162,VÉRIFIER - LUMIÈRE DE JOUR (Day running light),RÉPARER - FILAGE ÉLECTRIQUE,RÉPARER - POMPE À SERVO-DIRECTION,AJUSTER - CHASSIS PIÈCE CARROSSERIE
163,VÉRIFIER - CYLINDRE DE LEVAGE
164,MODIFIER - CHASSIS RÉPARATION / DÉBOSSELAGE CARROSSERIE
165,VÉRIFIER - ALTERNATEUR
166,RECHERCHER PANNE (diagnostic) - FILAGE ÉLECTRIQUE
167,REMPLACER - COMPRESSEUR
168,RÉPARER - FILAGE ÉLECTRIQUE
169,RÉPARER - VANAIR
170,REMPLACER - CHASSIS PIÈCE CARROSSERIE,RÉPARER - FILAGE ÉLECTRIQUE,RECHERCHER PANNE (diagnostic) - PNEU PNEU ROUE
171,RECHERCHER PANNE (diagnostic) - FILAGE ÉLECTRIQUE
172,RÉPARER - HUILE + FILTRE
173,RECHERCHER PANNE (diagnostic) - FLÈCHE SIGNALÉTIQUE
174,RÉPARER - MIROIR CHAUFFANT
175,RÉPARER - ESPAR
176,RECHERCHER PANNE (diagnostic) - FILAGE ÉLECTRIQUE
177,RÉPARER - ESPAR
178,REMPLACER - LUMIÈRE DE JOUR (Day running light),VÉRIFIER - PNEU PNEU ROUE
179,VÉRIFIER - CODE DÉFAUT MOTEUR (Fault code)
180,INSTALLER - CHASSIS RÉPARATION / DÉBOSSELAGE CARROSSERIE
181,RÉPARER - FABRIQUE SYSTÈME ÉLECTRIQUE
182,RÉPARER - ESPAR
183,RÉPARER - BATTERIE
184,VÉRIFIER - COMPRESSEUR
185,RÉPARER - SYSTÈME ESSUIE-GLACE ET LAVE VITRE,VÉRIFIER - AIR DRYER
186,RÉPARER - COMPRESSEUR
187,REMPLACER - COMPRESSEUR
188,RÉPARER - FILAGE ÉLECTRIQUE
189,MODIFIER - COMPRESSEUR
190,MODIFIER - COMPRESSEUR
191,VÉRIFIER - CODE DÉFAUT TABLEAU DE BORD (Fault code)
192,RÉPARER - ESPAR
193,RÉPARER - FILAGE ÉLECTRIQUE
194,RÉPARER - LUMIÈRE DE JOUR (Day running light)
195,RÉPARER - TRANSMISSION ROULEMENT DE CENTRE (Bearing) BOÎTE DE TRANSFERT,REMPLACER - ESSUIE-GLACE
196,RÉPARER - GYROPHARE
197,RECHERCHER PANNE (diagnostic) - BATTERIE
198,REMPLACER - COURROIE,AJUSTER - RÉGLEUR (Slack ajuster)
199,RECHERCHER PANNE (diagnostic) - COMPRESSEUR
200,VÉRIFIER - COMPRESSEUR
201,RÉPARER - COMPRESSEUR
202,AJUSTER - RÉGLEUR (Slack ajuster),RECHERCHER PANNE (diagnostic) - FILAGE ÉLECTRIQUE,REMPLACER - ESSUIE-GLACE,RECHERCHER PANNE (diagnostic) - COMPRESSEUR
203,RÉPARER - COMPRESSEUR
204,RÉPARER - VENTILATEUR
205,REMPLACER - BOYAUX
206,REMPLACER - PNEU PNEU ROUE
207,RECHERCHER PANNE (diagnostic) - PNEU PNEU ROUE
208,RÉPARER - LUMIÈRE DE JOUR (Day running light),RÉPARER - LUMIÈRE DE JOUR (Day running light)
209,VÉRIFIER - COMPRESSEUR
210,RECHERCHER PANNE (diagnostic) - COMPRESSEUR
211,RECHERCHER PANNE (diagnostic) - COMPRESSEUR,RÉPARER - SYSTÈME D'ALARME
212,REMPLACER - AMORTISSEUR,AJUSTER - RÉGLEUR (Slack ajuster),RECHERCHER PANNE (diagnostic) - TUYAUX
213,REMPLACER - PNEU PNEU ROUE
214,RÉPARER - TUYAUX
215,RÉPARER - TRANSMISSION CONTRÔLE BOÎTE DE TRANSFERT
216,REMPLACER - TRANSMISSION TRANSMISSION AUTOMATIQUE BOÎTE DE TRANSFERT
217,INSTALLER - CHASSIS PIÈCE CARROSSERIE,INSTALLER - CHASSIS PIÈCE CARROSSERIE
218,AJUSTER - RÉGLEUR (Slack ajuster),NETTOYER / LAVER - BATTERIE
219,RECHERCHER PANNE (diagnostic) - ESPAR
220,VÉRIFIER - BOYAUX À AIR
221,VÉRIFIER - COMPOSANTE MAJEURE DU MOTEUR
222,RÉPARER - CHASSIS PIÈCE CARROSSERIE
223,REMPLACER - AIR DRYER,AJUSTER - PNEU ROULEMENT DE ROUE (bearing de roue) ROUE,AJUSTER - RÉGLEUR (Slack ajuster),RÉPARER - FILAGE ÉLECTRIQUE
224,RECHERCHER PANNE (diagnostic) - FILAGE ÉLECTRIQUE
225,RECHERCHER PANNE (diagnostic) - COMPRESSEUR
226,SURVOLTER - BATTERIE
227,RÉPARER - TRANSMISSION ARBRE D'ENTRAÎNEMENT (Drive shaft) BOÎTE DE TRANSFERT
228,RÉPARER - FILAGE ÉLECTRIQUE,RÉPARER - VANAIR
229,RECHERCHER PANNE (diagnostic) - COMPRESSEUR
230,RÉPARER - COMPRESSEUR
231,REMPLACER - COMPOSANTE MAJEURE DU MOTEUR,RÉPARER - RÉGLEUR (Slack ajuster)
232,REMPLACER - AIR DRYER,RÉPARER - CHASSIS PIÈCE CARROSSERIE
233,RÉPARER - CHASSIS PIÈCE CARROSSERIE,RÉPARER - BATTERIE,RÉPARER - CHASSIS PIÈCE CARROSSERIE,VÉRIFIER - FUITE HUILE
234,RÉPARER - FILAGE ÉLECTRIQUE
235,DÉBOSSELER - CHASSIS RÉPARATION / DÉBOSSELAGE CARROSSERIE
236,RÉPARER - BOYAUX
237,MODIFIER - AJUSTEMENT D'USAGE,MODIFIER - AJUSTEMENT D'USAGE
238,TOURNER / MACHINER / FABRIQUER - AJUSTEMENT D'USAGE
239,RÉPARER - LUMIÈRE DE JOUR (Day running light)
240,INSPECTER VISUELLEMENT - ESPAR
241,REMPLACER - BATTERIE
242,REMPLACER - PNEU PNEU ROUE,REMPLACER - PNEU PNEU ROUE,REMPLACER - SABOTS
243,RÉPARER - ALTERNATEUR,RÉPARER - CHASSIS PIÈCE CARROSSERIE,RÉPARER - BATTERIE,AJUSTER - RÉGLEUR (Slack ajuster)
244,VÉRIFIER - INJECTEUR
245,RÉPARER - CODE DÉFAUT TRANSMISSION (Fault code)
246,REMPLACER - AIR DRYER,AJUSTER - RÉGLEUR (Slack ajuster),REMPLACER - Programme Entretien Préventif,REMPLACER - AMORTISSEUR
247,VÉRIFIER - CATALYSEUR
248,RECHERCHER PANNE (diagnostic) - TAMBOURS
249,RÉPARER - ALTERNATEUR
250,REMPLACER - CAPTEUR,REMPLACER - MISE AU POINT (Tune -up),RÉPARER - BATTERIE,RÉPARER - CHASSIS PIÈCE CARROSSERIE,REMPLACER - CAPTEUR,AJUSTER - PNEU PNEU ROUE
251,RÉPARER - SOUPAPE À AIR
252,AJUSTER - Programme Entretien Préventif,REMPLACER - Programme Entretien Préventif,AJUSTER - RÉGLEUR (Slack ajuster),REMPLACER - Programme Entretien Préventif,REMPLACER - Programme Entretien Préventif
253,VÉRIFIER - SABOTS
254,REMPLACER - PNEU PNEU ROUE,REMPLACER - FILAGE ÉLECTRIQUE,RÉPARER - FILAGE ÉLECTRIQUE
255,RÉPARER - CODE DÉFAUT MOTEUR (Fault code)
256,REMPLACER - AJUSTEMENT D'USAGE
257,RÉPARER - TOILE DE BENNE
258,TOURNER / MACHINER / FABRIQUER - FILAGE ÉLECTRIQUE
259,RECHERCHER PANNE (diagnostic) - VANAIR
260,REMPLACER - AJUSTEMENT D'USAGE
261,RÉPARER - ESPAR
262,REMPLACER - CHASSIS PIÈCE CARROSSERIE
263,RÉPARER - FILAGE ÉLECTRIQUE
264,RÉPARER - AJUSTEMENT D'USAGE
265,RÉPARER - ESPAR
266,VÉRIFIER - Programme Entretien Préventif
267,VÉRIFIER - COMPRESSEUR
268,VÉRIFIER - POMPE HYDRAULIQUE SYSTÈME ASSISTÉ
269,REMPLACER - LIQUIDE REFROIDISSEMENT (entret.)+FILTRE,REMPLACER - CARBURANT+ FILTRE
270,INSTALLER - FILAGE ÉLECTRIQUE
271,VÉRIFIER - FABRIQUE SYSTÈME ÉLECTRIQUE,VÉRIFIER - FILAGE ÉLECTRIQUE
272,REMPLACER - SYSTÈME ESSUIE-GLACE ET LAVE VITRE
273,REMPLACER - PNEU PNEU ROUE
274,RECHERCHER PANNE (diagnostic) - ESPAR
275,RECHERCHER PANNE (diagnostic) - FILAGE ÉLECTRIQUE
276,RECHERCHER PANNE (diagnostic) - FILAGE ÉLECTRIQUE
277,RECHERCHER PANNE (diagnostic) - VANAIR
278,RECHERCHER PANNE (diagnostic) - COMPRESSEUR
279,RÉPARER - FILAGE ÉLECTRIQUE
280,RÉPARER - CHASSIS PIÈCE CARROSSERIE
281,REMPLACER - CHASSIS PIÈCE CARROSSERIE
282,REMPLACER - FILAGE ÉLECTRIQUE
283,RÉPARER - FILAGE ÉLECTRIQUE
284,RECHERCHER PANNE (diagnostic) - TRANSMISSION ARBRE D'ENTRAÎNEMENT (Drive shaft) BOÎTE DE TRANSFERT
285,RECHERCHER PANNE (diagnostic) - VANAIR
286,RÉPARER - TUYAUX
287,SURVOLTER - BATTERIE,VÉRIFIER - COMPRESSEUR
288,RECHERCHER PANNE (diagnostic) - COMPRESSEUR
289,REMPLACER - FABRIQUE SYSTÈME ÉLECTRIQUE,REMPLACER - CHAUFFAGE FILTRE A/C SYSTÈME DE CLIMATISATION,REMPLACER - HUILE + FILTRE,AJUSTER - SABOTS,AJUSTER - HUILE + FILTRE
290,INSTALLER - COUSSIN,MODIFIER - PNEU PNEU ROUE
291,VÉRIFIER - COMPOSANTE MAJEURE DU MOTEUR,VÉRIFIER - CODE DÉFAUT ABS (Fault code)
292,REMPLACER - FABRIQUE SYSTÈME ÉLECTRIQUE
293,REMPLACER - COMPRESSEUR
294,RÉPARER - CHASSIS PIÈCE CARROSSERIE,RÉPARER - COMPRESSEUR
295,RÉPARER - COMPRESSEUR
296,VÉRIFIER - INSTRUMENT TABLEAU DE BORD (Gauge dash)
297,RÉPARER - CHASSIS PIÈCE CARROSSERIE,RÉPARER - CHASSIS PIÈCE CARROSSERIE,RÉPARER - LUMIÈRE DE JOUR (Day running light)
298,RÉPARER - COMPRESSEUR
299,RÉPARER - FABRIQUE SYSTÈME ÉLECTRIQUE,AJUSTER - SABOTS,REMPLACER - SOUPAPE À AIR
300,REMPLACER - RÉSERVOIR
301,REMPLACER - BATTERIE
302,RÉPARER - COMPRESSEUR
303,RÉPARER - GYROPHARE
304,VÉRIFIER - ALTERNATEUR
305,RÉPARER - SYSTÈME DE CAMÉRA,RÉPARER - CHASSIS PIÈCE CARROSSERIE,RÉPARER - COMPRESSEUR
306,AJUSTER - Programme Entretien Préventif
307,REMPLACER - COURROIE,REMPLACER - ESSUIE-GLACE,REMPLACER - AMORTISSEUR,REMPLACER - AIR DRYER
308,REMPLACER - BIELLE DE RACCORDEMENT
309,RÉPARER - PNEU PNEU ROUE
310,REMPLACER - AMORTISSEUR,RÉPARER - RÉSERVOIR
311,REMPLACER - LUMIÈRE DE JOUR (Day running light)
312,REMPLACER - CHASSIS PIÈCE CARROSSERIE,RÉPARER - CHASSIS PIÈCE CARROSSERIE,REMPLACER - LUMIÈRE DE JOUR (Day running light)
313,REMPLACER - AJUSTEMENT D'USAGE,RÉPARER - AJUSTEMENT D'USAGE
314,VÉRIFIER - FILAGE ÉLECTRIQUE
315,RECHERCHER PANNE (diagnostic) - ESPAR
316,RÉPARER - TRANSMISSION TRANSMISSION AUTOMATIQUE BOÎTE DE TRANSFERT
317,VÉRIFIER - ESPAR
318,VÉRIFIER - CYLINDRE DE FREIN
319,RÉPARER - COMPRESSEUR
320,RÉPARER - PNEU ESSIEUX ROUE
321,TOURNER / MACHINER / FABRIQUER - AJUSTEMENT D'USAGE
322,MODIFIER - CHASSIS DÉMAQUILLER / IDENTIFIER CARROSSERIE
323,VÉRIFIER - CODE DÉFAUT ABS (Fault code)
324,TOURNER / MACHINER / FABRIQUER - AJUSTEMENT D'USAGE
325,REMPLACER - AJUSTEMENT D'USAGE,REMPLACER - AJUSTEMENT D'USAGE
326,REMPLACER - CHAUFFAGE FILTRE A/C SYSTÈME DE CLIMATISATION,VÉRIFIER - VANAIR,RÉPARER - CHASSIS PIÈCE CARROSSERIE
327,VÉRIFIER - ESPAR,RÉPARER - FLÈCHE SIGNALÉTIQUE,VÉRIFIER - CHAUFFAGE CONTRÔLE SYSTÈME DE CLIMATISATION
328,RECHERCHER PANNE (diagnostic) - COMPOSANTE MAJEURE DU MOTEUR
329,RÉPARER - FILAGE ÉLECTRIQUE
330,RÉPARER - BOYAUX À AIR
331,MODIFIER - VANAIR
332,REMPLACER - AJUSTEMENT D'USAGE,MODIFIER - AJUSTEMENT D'USAGE
333,MODIFIER - FILAGE ÉLECTRIQUE
334,REMPLACER - AJUSTEMENT D'USAGE
335,REMPLACER - CHASSIS PIÈCE CARROSSERIE
336,REMPLACER - AJUSTEMENT D'USAGE
337,REMPLACER - AJUSTEMENT D'USAGE
338,RECHERCHER PANNE (diagnostic) - COMPRESSEUR
339,RÉPARER - ALTERNATEUR
340,RÉPARER - COMPRESSEUR
341,REMPLACER - CAPTEUR
342,RECHERCHER PANNE (diagnostic) - VANAIR
343,MODIFIER - COMPRESSEUR
344,RECHERCHER PANNE (diagnostic) - COMPRESSEUR
345,RÉPARER - FLÈCHE SIGNALÉTIQUE
346,RÉPARER - FILAGE ÉLECTRIQUE
347,RÉPARER - CHASSIS RÉPARATION / DÉBOSSELAGE CARROSSERIE
348,VÉRIFIER - COMPRESSEUR
349,INSTALLER - FILAGE ÉLECTRIQUE,REMPLACER - CHASSIS PIÈCE CARROSSERIE,INSTALLER - CHAUFFAGE FILTRE A/C SYSTÈME DE CLIMATISATION
350,RÉPARER - COMPRESSEUR,REMPLACER - CHASSIS PIÈCE CARROSSERIE,MODIFIER - FLÈCHE SIGNALÉTIQUE,REMPLACER - COLLET,VÉRIFIER - COMPRESSEUR À AIR,RÉPARER - BARRE D'ACCOUPLEMENT,REMPLACER - COLLET,RÉPARER - BRIDES DE FIXATION (U-Bolt),REMPLACER - TRANSMISSION ROULEMENT DE CENTRE (Bearing) BOÎTE DE TRANSFERT,REMPLACER - AIR DRYER
351,RECHERCHER PANNE (diagnostic) - VANAIR
352,AJUSTER - PNEU PNEU ROUE
353,REMPLACER - TRANSMISSION ROULEMENT DE CENTRE (Bearing) BOÎTE DE TRANSFERT,REMPLACER - ESSUIE-GLACE,MODIFIER - COMPRESSEUR,REMPLACER - TRANSMISSION HUILE (entretien) + FILTRE BOÎTE DE TRANSFERT,REMPLACER - PNEU PNEU ROUE
354,REMPLACER - AJUSTEMENT D'USAGE
355,VÉRIFIER - COMPRESSEUR À AIR
356,REMPLACER - GYROPHARE
357,RECHERCHER PANNE (diagnostic) - VANAIR
358,REMPLACER - BATTERIE,RÉPARER - LUMIÈRE DE JOUR (Day running light),RÉPARER - FILAGE ÉLECTRIQUE,VÉRIFIER - RÉSERVOIR À AIR
359,VÉRIFIER - ALTERNATEUR
360,VÉRIFIER - ESPAR
361,VÉRIFIER - VANAIR,VÉRIFIER - ALTERNATEUR
362,MODIFIER - CHASSIS DÉMAQUILLER / IDENTIFIER CARROSSERIE
363,RECHERCHER PANNE (diagnostic) - ESPAR,RÉPARER - CHASSIS RÉPARATION / DÉBOSSELAGE CARROSSERIE
364,RECHERCHER PANNE (diagnostic) - RÉSERVOIR À AIR
365,REMPLACER - CHASSIS PIÈCE CARROSSERIE
366,RÉPARER - CHASSIS RÉPARATION / DÉBOSSELAGE CARROSSERIE
367,RÉPARER - FILAGE ÉLECTRIQUE,RECHERCHER PANNE (diagnostic) - ESPAR
368,REMPLACER - CARBURANT+ FILTRE
369,RECHERCHER PANNE (diagnostic) - RÉSERVOIR À AIR,RECHERCHER PANNE (diagnostic) - COMPRESSEUR
370,INSTALLER - FILAGE ÉLECTRIQUE,RÉPARER - COMPRESSEUR
371,RECHERCHER PANNE (diagnostic) - COMPOSANTE MAJEURE DU MOTEUR,RÉPARER - COMPRESSEUR,AJUSTER - RÉGLEUR (Slack ajuster),RECHERCHER PANNE (diagnostic) - FLÈCHE SIGNALÉTIQUE
372,VÉRIFIER - BATTERIE
373,RÉPARER - COMPRESSEUR,RÉPARER - COMPRESSEUR
374,REMPLACER - AIR DRYER
375,RÉPARER - CHASSIS RÉPARATION / DÉBOSSELAGE CARROSSERIE
376,VÉRIFIER - MOTEUR DE CHAUFFERETTE
377,RÉPARER - COMPRESSEUR,RÉPARER - ESPAR
378,REMPLACER - SOUPAPE À AIR,RECHERCHER PANNE (diagnostic) - FILAGE ÉLECTRIQUE
379,RÉPARER - AJUSTEMENT D'USAGE
380,RÉPARER - COMPRESSEUR
381,RÉPARER - AJUSTEMENT D'USAGE
382,REMPLACER - AJUSTEMENT D'USAGE
383,VÉRIFIER - Programme Entretien Préventif
384,RÉPARER - AJUSTEMENT D'USAGE
385,RÉPARER - COMPRESSEUR
386,MODIFIER - AJUSTEMENT D'USAGE
387,RÉPARER - COMPRESSEUR
388,AJUSTER - EMBOUTS EXTÉRIEURS,REMPLACER - LUMIÈRE DE JOUR (Day running light),VÉRIFIER - CHASSIS PIÈCE CARROSSERIE,INSTALLER - INSTRUMENT TABLEAU DE BORD (Gauge dash),AJUSTER - TRANSMISSION BOYAUX BOÎTE DE TRANSFERT,AJUSTER - RÉSERVOIR,AJUSTER - PNEU ROULEMENT DE ROUE (bearing de roue) ROUE
389,RÉPARER - DÉMARREUR,REMPLACER - CHASSIS PIÈCE CARROSSERIE
390,VÉRIFIER - COMPRESSEUR
391,REMPLACER - LUMIÈRE DE JOUR (Day running light)
392,RÉPARER - COMPRESSEUR
393,RECHERCHER PANNE (diagnostic) - VANAIR
394,RÉPARER - COMPRESSEUR
395,AJUSTER - Programme Entretien Préventif
396,REMPLACER - BATTERIE,RÉPARER - GYROPHARE,RÉPARER - LUMIÈRE DE JOUR (Day running light)
397,REMPLACER - BRAS D'ESSUIE-GLACE
398,VÉRIFIER - DÉMARREUR
399,VÉRIFIER - FUITE HUILE
400,VÉRIFIER - COMPRESSEUR
401,RÉPARER - COMPRESSEUR
402,RECHERCHER PANNE (diagnostic) - FUITE HUILE,RECHERCHER PANNE (diagnostic) - FLÈCHE SIGNALÉTIQUE,VÉRIFIER - BATTERIE
403,VÉRIFIER - COMPRESSEUR
404,VÉRIFIER - PNEU PNEU ROUE
405,VÉRIFIER - VANAIR
406,REMPLACER - ESSUIE-GLACE
407,REMPLACER - AJUSTEMENT D'USAGE,REMPLACER - COLLET,REMPLACER - CHASSIS PIÈCE CARROSSERIE,RÉPARER - MIROIR CHAUFFANT,RÉPARER - MIROIR CHAUFFANT,AJUSTER - PNEU ROULEMENT DE ROUE (bearing de roue) ROUE,REMPLACER - ESSUIE-GLACE,INSTALLER - CHASSIS PIÈCE CARROSSERIE
408,NETTOYER / LAVER - RÉGLEUR (Slack ajuster)
409,AJUSTER - ALIGNEMENT DU VÉHICULE,REMPLACER - AIR DRYER,VÉRIFIER - COMPRESSEUR,REMPLACER - CHASSIS PIÈCE CARROSSERIE,AJUSTER - VOLANT
410,REMPLACER - SYSTÈME ESSUIE-GLACE ET LAVE VITRE,REMPLACER - CHASSIS PIÈCE CARROSSERIE,RÉPARER - FILAGE ÉLECTRIQUE,VÉRIFIER - CHASSIS PIÈCE CARROSSERIE
411,INSTALLER - FILAGE ÉLECTRIQUE
412,RECHERCHER PANNE (diagnostic) - BATTERIE
413,VÉRIFIER - CODE DÉFAUT MOTEUR (Fault code)
414,REMPLACER - CHASSIS PIÈCE CARROSSERIE,REMPLACER - COMPOSANTE MAJEURE DU MOTEUR
415,RÉPARER - LUMIÈRE DE JOUR (Day running light),RÉPARER - ESPAR,RÉPARER - AJUSTEMENT D'USAGE
416,VÉRIFIER - COMPRESSEUR
417,RECHERCHER PANNE (diagnostic) - COMPRESSEUR
418,VÉRIFIER - ESPAR,VÉRIFIER - BATTERIE,VÉRIFIER - BOYAUX À AIR
419,REMPLACER - COURROIE
420,RÉPARER - AJUSTEMENT D'USAGE,RÉPARER - AJUSTEMENT D'USAGE,RÉPARER - AJUSTEMENT D'USAGE
421,AJUSTER - CHASSIS PIÈCE CARROSSERIE
422,RECHERCHER PANNE (diagnostic) - CODE DÉFAUT MOTEUR (Fault code)
423,REMPLACER - CHASSIS RÉPARATION / DÉBOSSELAGE CARROSSERIE
424,RÉPARER - CHASSIS RÉPARATION / DÉBOSSELAGE CARROSSERIE
425,INSTALLER - AJUSTEMENT D'USAGE
426,TOURNER / MACHINER / FABRIQUER - AJUSTEMENT D'USAGE
427,TOURNER / MACHINER / FABRIQUER - AJUSTEMENT D'USAGE
428,RÉPARER - FLÈCHE SIGNALÉTIQUE
429,RECHERCHER PANNE (diagnostic) - POMPE À INJECTION
430,INSPECTER VISUELLEMENT - GRAISSAGE,INSPECTER VISUELLEMENT - Programme Entretien Préventif
431,INSPECTER VISUELLEMENT - Programme Entretien Préventif
432,INSPECTER VISUELLEMENT - Programme Entretien Préventif
433,TOURNER / MACHINER / FABRIQUER - FABRIQUE SYSTÈME ÉLECTRIQUE
434,REMPLACER - HUILE + FILTRE,INSPECTER VISUELLEMENT - Programme Entretien Préventif
435,INSPECTER VISUELLEMENT - Programme Entretien Préventif,REMPLACER - HUILE + FILTRE
436,INSPECTER VISUELLEMENT - Programme Entretien Préventif,REMPLACER - HUILE + FILTRE
437,INSPECTER VISUELLEMENT - Programme Entretien Préventif
438,INSPECTER VISUELLEMENT - Programme Entretien Préventif,REMPLACER - HUILE + FILTRE
439,VÉRIFIER - LUBRIFICATION,INSPECTER VISUELLEMENT - Programme Entretien Préventif
440,INSPECTER VISUELLEMENT - Programme Entretien Préventif
441,INSPECTER VISUELLEMENT - Programme Entretien Préventif,INSPECTER VISUELLEMENT - Programme Entretien Préventif
442,REMPLACER - CHANGEMENT D'HUILE,INSPECTER VISUELLEMENT - Programme Entretien Préventif
443,PEINTURER - CHASSIS FINITION PEINTURE CARROSSERIE
444,PEINTURER - CHASSIS RÉPARATION / DÉBOSSELAGE CARROSSERIE,PEINTURER - CHASSIS RÉPARATION / DÉBOSSELAGE CARROSSERIE
445,INSPECTER VISUELLEMENT - Programme Entretien Préventif,AJUSTER - GRAISSAGE
446,VÉRIFIER - GRAISSAGE,INSPECTER VISUELLEMENT - Programme Entretien Préventif
447,MODIFIER - FILAGE ÉLECTRIQUE,INSTALLER - COMPRESSEUR,MODIFIER - SUPPORT D'ÉCHAPPEMENT
448,INSTALLER - COMPRESSEUR
449,INSTALLER - ESPAR
450,RÉPARER - FILAGE ÉLECTRIQUE
451,INSTALLER - COMPRESSEUR,INSTALLER - FILAGE ÉLECTRIQUE
452,INSTALLER - FABRIQUE SYSTÈME ÉLECTRIQUE
453,RECHERCHER PANNE (diagnostic) - INSTRUMENT TABLEAU DE BORD (Gauge dash)
454,INSTALLER - FABRIQUE SYSTÈME ÉLECTRIQUE
455,INSPECTER VISUELLEMENT - Programme Entretien Préventif,AJUSTER - GRAISSAGE
456,INSPECTER VISUELLEMENT - Programme Entretien Préventif,REMPLACER - HUILE + FILTRE
457,VÉRIFIER - COMPRESSEUR,REMPLACER - HUILE + FILTRE
458,INSPECTER VISUELLEMENT - Programme Entretien Préventif,VÉRIFIER - COMPRESSEUR,VÉRIFIER - GRAISSAGE
459,REMPLACER - HUILE + FILTRE,INSPECTER VISUELLEMENT - Programme Entretien Préventif
460,INSPECTER VISUELLEMENT - Programme Entretien Préventif,VÉRIFIER - GRAISSAGE
461,INSPECTER VISUELLEMENT - Programme Entretien Préventif
462,INSPECTER VISUELLEMENT - Programme Entretien Préventif,INSPECTER VISUELLEMENT - LUBRIFICATION
463,VÉRIFIER - LUBRIFICATION
464,INSPECTER VISUELLEMENT - Programme Entretien Préventif
465,INSPECTER VISUELLEMENT - Programme Entretien Préventif
466,REMPLACER - LUBRIFICATION,REMPLACER - LUBRIFICATION,INSPECTER VISUELLEMENT - LUBRIFICATION
467,INSPECTER VISUELLEMENT - Programme Entretien Préventif
468,INSPECTER VISUELLEMENT - Programme Entretien Préventif
469,INSPECTER VISUELLEMENT - Programme Entretien Préventif
470,INSPECTER VISUELLEMENT - Programme Entretien Préventif
471,INSPECTER VISUELLEMENT - Programme Entretien Préventif
472,INSPECTER VISUELLEMENT - Programme Entretien Préventif
473,INSPECTER VISUELLEMENT - Programme Entretien Préventif
474,INSPECTER VISUELLEMENT - Programme Entretien Préventif
475,INSPECTER VISUELLEMENT - Programme Entretien Préventif
476,INSPECTER VISUELLEMENT - Programme Entretien Préventif
477,RÉPARER - FLÈCHE SIGNALÉTIQUE
478,PEINTURER - CHASSIS FINITION PEINTURE CARROSSERIE
479,INSTALLER - CHASSIS DÉMAQUILLER / IDENTIFIER CARROSSERIE,INSPECTER VISUELLEMENT - Programme Entretien Préventif
480,REMPLACER - CHANGEMENT D'HUILE,INSPECTER VISUELLEMENT - Programme Entretien Préventif
481,VÉRIFIER - Programme Entretien Préventif
482,MODIFIER - AJUSTEMENT D'USAGE
483,INSPECTER VISUELLEMENT - Programme Entretien Préventif
484,INSPECTER VISUELLEMENT - Programme Entretien Préventif,REMPLACER - CHANGEMENT D'HUILE
485,INSPECTER VISUELLEMENT - Programme Entretien Préventif
486,INSPECTER VISUELLEMENT - Programme Entretien Préventif,INSTALLER - GRAISSAGE
487,REMPLACER - CHANGEMENT D'HUILE,INSPECTER VISUELLEMENT - Programme Entretien Préventif
488,INSTALLER - GRAISSAGE,INSPECTER VISUELLEMENT - Programme Entretien Préventif
489,REMPLACER - CHANGEMENT D'HUILE
490,REMPLACER - LUBRIFICATION,INSPECTER VISUELLEMENT - Programme Entretien Préventif
491,INSPECTER VISUELLEMENT - Programme Entretien Préventif
492,INSPECTER VISUELLEMENT - Programme Entretien Préventif
493,INSPECTER VISUELLEMENT - COMPRESSEUR,REMPLACER - CHANGEMENT D'HUILE
494,ESSAI  ROUTIER - Programme Entretien Préventif
495,VÉRIFIER - Programme Entretien Préventif
496,VÉRIFIER - COMPRESSEUR,INSPECTER VISUELLEMENT - Programme Entretien Préventif
497,ESSAI  ROUTIER - Programme Entretien Préventif,REMPLACER - LUBRIFICATION
498,VÉRIFIER - Programme Entretien Préventif
499,INSTALLER - GRAISSAGE,INSPECTER VISUELLEMENT - Programme Entretien Préventif
500,VÉRIFIER - Programme Entretien Préventif
501,INSPECTER VISUELLEMENT - Programme Entretien Préventif
502,INSPECTER VISUELLEMENT - Programme Entretien Préventif
503,INSPECTER VISUELLEMENT - Programme Entretien Préventif
504,INSPECTER VISUELLEMENT - Programme Entretien Préventif
505,INSPECTER VISUELLEMENT - Programme Entretien Préventif,REMPLACER - CHANGEMENT D'HUILE
506,INSPECTER VISUELLEMENT - Programme Entretien Préventif,REMPLACER - CHANGEMENT D'HUILE
507,INSPECTER VISUELLEMENT - Programme Entretien Préventif
508,INSPECTER VISUELLEMENT - Programme Entretien Préventif
509,INSPECTER VISUELLEMENT - Programme Entretien Préventif
510,INSPECTER VISUELLEMENT - Programme Entretien Préventif,ESSAI  ROUTIER - Programme Entretien Préventif
511,INSPECTER VISUELLEMENT - Programme Entretien Préventif
512,ESSAI  ROUTIER - CHASSIS INSPECTION VISUEL CARROSSERIE
513,INSPECTER VISUELLEMENT - Programme Entretien Préventif,REMPLACER - CHANGEMENT D'HUILE
514,INSPECTER VISUELLEMENT - Programme Entretien Préventif
515,REMPLACER - CHANGEMENT D'HUILE,INSPECTER VISUELLEMENT - Programme Entretien Préventif
516,INSTALLER - GRAISSAGE,INSPECTER VISUELLEMENT - Programme Entretien Préventif
517,INSPECTER VISUELLEMENT - Programme Entretien Préventif
518,INSPECTER VISUELLEMENT - Programme Entretien Préventif,REMPLACER - CHANGEMENT D'HUILE
519,VÉRIFIER - Programme Entretien Préventif
520,INSPECTER VISUELLEMENT - Programme Entretien Préventif
521,INSPECTER VISUELLEMENT - Programme Entretien Préventif,RÉPARER - CHANGEMENT D'HUILE
522,INSPECTER VISUELLEMENT - Programme Entretien Préventif,REMPLACER - CHANGEMENT D'HUILE,INSPECTER VISUELLEMENT - Programme Entretien Préventif
523,ESSAI  ROUTIER - Programme Entretien Préventif
524,INSPECTER VISUELLEMENT - Programme Entretien Préventif,INSPECTER VISUELLEMENT - Programme Entretien Préventif
525,VÉRIFIER - Programme Entretien Préventif,VÉRIFIER - HUILE + FILTRE
526,INSPECTER VISUELLEMENT - Programme Entretien Préventif
527,INSPECTER VISUELLEMENT - Programme Entretien Préventif
528,REMPLACER - HUILE + FILTRE,VÉRIFIER - Programme Entretien Préventif
529,REMPLACER - CHANGEMENT D'HUILE
530,TOURNER / MACHINER / FABRIQUER - CHASSIS PIÈCE CARROSSERIE
531,VÉRIFIER - Programme Entretien Préventif
532,INSPECTER VISUELLEMENT - Programme Entretien Préventif,REMPLACER - CHANGEMENT D'HUILE,INSPECTER VISUELLEMENT - Programme Entretien Préventif
533,VÉRIFIER - HUILE + FILTRE,VÉRIFIER - Programme Entretien Préventif
534,REMPLACER - LUBRIFICATION,INSPECTER VISUELLEMENT - Programme Entretien Préventif
535,VÉRIFIER - Programme Entretien Préventif,REMPLACER - HUILE + FILTRE
536,VÉRIFIER - Programme Entretien Préventif
537,INSPECTER VISUELLEMENT - Programme Entretien Préventif,VÉRIFIER - COMPRESSEUR,REMPLACER - CHANGEMENT D'HUILE
538,ESSAI  ROUTIER - Programme Entretien Préventif
539,INSPECTER VISUELLEMENT - Programme Entretien Préventif,REMPLACER - CHANGEMENT D'HUILE,VÉRIFIER - COMPRESSEUR,ESSAI  ROUTIER - Programme Entretien Préventif
540,VÉRIFIER - Programme Entretien Préventif
541,REMPLACER - LUBRIFICATION
542,INSPECTER VISUELLEMENT - Programme Entretien Préventif
543,VÉRIFIER - HUILE + FILTRE,VÉRIFIER - Programme Entretien Préventif
544,RÉPARER - CHASSIS PIÈCE CARROSSERIE
545,INSPECTER VISUELLEMENT - Programme Entretien Préventif
546,VÉRIFIER - FILAGE ÉLECTRIQUE
547,MODIFIER - FILAGE ÉLECTRIQUE
548,MODIFIER - FILAGE ÉLECTRIQUE
549,MODIFIER - FILAGE ÉLECTRIQUE,INSTALLER - CHASSIS DÉMAQUILLER / IDENTIFIER CARROSSERIE
550,TOURNER / MACHINER / FABRIQUER - AJUSTEMENT D'USAGE
551,INSTALLER - AJUSTEMENT D'USAGE,MODIFIER - AJUSTEMENT D'USAGE
552,AJUSTER - VANAIR
553,INSTALLER - AJUSTEMENT D'USAGE
554,INSPECTER VISUELLEMENT - Programme Entretien Préventif,VÉRIFIER - GRAISSAGE
555,INSPECTER VISUELLEMENT - Programme Entretien Préventif
556,INSPECTER VISUELLEMENT - Programme Entretien Préventif
557,INSPECTER VISUELLEMENT - Programme Entretien Préventif
558,INSPECTER VISUELLEMENT - Programme Entretien Préventif,REMPLACER - CHANGEMENT D'HUILE
559,INSPECTER VISUELLEMENT - Programme Entretien Préventif
560,VÉRIFIER - Programme Entretien Préventif
561,VÉRIFIER - COMPRESSEUR,INSPECTER VISUELLEMENT - Programme Entretien Préventif,INSPECTER VISUELLEMENT - Programme Entretien Préventif
562,INSPECTER VISUELLEMENT - Programme Entretien Préventif,VÉRIFIER - Programme Entretien Préventif
563,VÉRIFIER - Programme Entretien Préventif,INSPECTER VISUELLEMENT - Programme Entretien Préventif
564,INSPECTER VISUELLEMENT - Programme Entretien Préventif,REMPLACER - LUBRIFICATION,VÉRIFIER - COMPRESSEUR
565,INSTALLER - CHASSIS DÉMAQUILLER / IDENTIFIER CARROSSERIE
566,TOURNER / MACHINER / FABRIQUER - AJUSTEMENT D'USAGE
567,INSPECTER VISUELLEMENT - Programme Entretien Préventif
568,INSPECTER VISUELLEMENT - Programme Entretien Préventif
569,INSPECTER VISUELLEMENT - Programme Entretien Préventif
570,INSPECTER VISUELLEMENT - Programme Entretien Préventif
571,VÉRIFIER - COMPRESSEUR,VÉRIFIER - Programme Entretien Préventif,REMPLACER - HUILE + FILTRE
572,INSPECTER VISUELLEMENT - Programme Entretien Préventif
573,VÉRIFIER - Programme Entretien Préventif,VÉRIFIER - HUILE + FILTRE
574,INSPECTER VISUELLEMENT - Programme Entretien Préventif,REMPLACER - CHANGEMENT D'HUILE,ESSAI  ROUTIER - Programme Entretien Préventif,VÉRIFIER - COMPRESSEUR
575,INSPECTER VISUELLEMENT - Programme Entretien Préventif
576,RÉPARER - COMPRESSEUR
577,INSPECTER VISUELLEMENT - Programme Entretien Préventif
578,VÉRIFIER - COMPRESSEUR,REMPLACER - LUBRIFICATION
579,RÉPARER - COMPRESSEUR
580,INSPECTER VISUELLEMENT - Programme Entretien Préventif,REMPLACER - CHANGEMENT D'HUILE
581,VÉRIFIER - Programme Entretien Préventif
582,REMPLACER - LUBRIFICATION
583,VÉRIFIER - Programme Entretien Préventif,REMPLACER - HUILE + FILTRE
584,INSPECTER VISUELLEMENT - Programme Entretien Préventif
585,INSPECTER VISUELLEMENT - COMPRESSEUR
586,INSPECTER VISUELLEMENT - Programme Entretien Préventif
587,INSPECTER VISUELLEMENT - Programme Entretien Préventif,REMPLACER - LUBRIFICATION
588,INSPECTER VISUELLEMENT - Programme Entretien Préventif
589,REMPLACER - HUILE + FILTRE
590,INSPECTER VISUELLEMENT - Programme Entretien Préventif,REMPLACER - LUBRIFICATION
591,REMPLACER - CHANGEMENT D'HUILE,VÉRIFIER - COMPRESSEUR
592,VÉRIFIER - Programme Entretien Préventif
593,INSPECTER VISUELLEMENT - Programme Entretien Préventif,REMPLACER - HUILE + FILTRE,VÉRIFIER - Programme Entretien Préventif,VÉRIFIER - COMPRESSEUR
594,INSPECTER VISUELLEMENT - Programme Entretien Préventif,REMPLACER - LUBRIFICATION
595,REMPLACER - HUILE + FILTRE,INSPECTER VISUELLEMENT - Programme Entretien Préventif
596,VÉRIFIER - Programme Entretien Préventif
597,VÉRIFIER - HUILE + FILTRE
598,REMPLACER - LUBRIFICATION,INSPECTER VISUELLEMENT - Programme Entretien Préventif
599,INSPECTER VISUELLEMENT - Programme Entretien Préventif,REMPLACER - LUBRIFICATION
600,INSPECTER VISUELLEMENT - Programme Entretien Préventif
601,INSPECTER VISUELLEMENT - VANAIR,REMPLACER - CHANGEMENT D'HUILE,INSPECTER VISUELLEMENT - Programme Entretien Préventif
602,REMPLACER - CHANGEMENT D'HUILE,INSPECTER VISUELLEMENT - Programme Entretien Préventif,INSPECTER VISUELLEMENT - COMPRESSEUR
603,REMPLACER - HUILE + FILTRE,VÉRIFIER - Programme Entretien Préventif,INSPECTER VISUELLEMENT - Programme Entretien Préventif,INSPECTER VISUELLEMENT - COMPRESSEUR
604,INSPECTER VISUELLEMENT - Programme Entretien Préventif,REMPLACER - CHANGEMENT D'HUILE
605,REMPLACER - LUBRIFICATION,INSPECTER VISUELLEMENT - Programme Entretien Préventif
606,INSPECTER VISUELLEMENT - Programme Entretien Préventif
607,REMPLACER - HUILE + FILTRE
608,INSPECTER VISUELLEMENT - Programme Entretien Préventif,REMPLACER - CHANGEMENT D'HUILE
609,INSPECTER VISUELLEMENT - Programme Entretien Préventif
610,INSPECTER VISUELLEMENT - Programme Entretien Préventif,REMPLACER - CHANGEMENT D'HUILE
611,INSPECTER VISUELLEMENT - COMPRESSEUR
612,INSPECTER VISUELLEMENT - Programme Entretien Préventif,REMPLACER - LUBRIFICATION
613,INSPECTER VISUELLEMENT - COMPRESSEUR
614,VÉRIFIER - Programme Entretien Préventif,REMPLACER - HUILE + FILTRE
615,REMPLACER - CHANGEMENT D'HUILE,INSPECTER VISUELLEMENT - Programme Entretien Préventif,VÉRIFIER - COMPRESSEUR
616,REMPLACER - CHANGEMENT D'HUILE,INSPECTER VISUELLEMENT - Programme Entretien Préventif
617,INSPECTER VISUELLEMENT - Programme Entretien Préventif
618,VÉRIFIER - HUILE + FILTRE,VÉRIFIER - Programme Entretien Préventif
619,REMPLACER - CHANGEMENT D'HUILE,INSPECTER VISUELLEMENT - Programme Entretien Préventif
620,INSPECTER VISUELLEMENT - Programme Entretien Préventif,REMPLACER - CHANGEMENT D'HUILE
621,INSPECTER VISUELLEMENT - Programme Entretien Préventif
622,INSPECTER VISUELLEMENT - COMPRESSEUR,REMPLACER - CHANGEMENT D'HUILE
623,VÉRIFIER - Programme Entretien Préventif,INSPECTER VISUELLEMENT - Programme Entretien Préventif,REMPLACER - HUILE + FILTRE,INSPECTER VISUELLEMENT - COMPRESSEUR
624,INSPECTER VISUELLEMENT - Programme Entretien Préventif,REMPLACER - HUILE + FILTRE,INSPECTER VISUELLEMENT - Programme Entretien Préventif,INSPECTER VISUELLEMENT - Programme Entretien Préventif
625,INSPECTER VISUELLEMENT - Programme Entretien Préventif
626,VÉRIFIER - Programme Entretien Préventif,REMPLACER - HUILE + FILTRE
627,REMPLACER - CHANGEMENT D'HUILE,INSPECTER VISUELLEMENT - Programme Entretien Préventif
628,VÉRIFIER - COMPRESSEUR,REMPLACER - HUILE + FILTRE,INSPECTER VISUELLEMENT - Programme Entretien Préventif
629,MODIFIER - FILAGE ÉLECTRIQUE,MODIFIER - FILAGE ÉLECTRIQUE
630,RECHERCHER PANNE (diagnostic) - TRANSMISSION TRANSMISSION AUTOMATIQUE BOÎTE DE TRANSFERT
631,REMPLACER - POULIE FOLLE
632,REMPLACER - AJUSTEMENT D'USAGE
633,VÉRIFIER - BATTERIE
634,VÉRIFIER - COMPRESSEUR
635,VÉRIFIER - COMPOSANTE MAJEURE DU MOTEUR
636,RECHERCHER PANNE (diagnostic) - COMPOSANTE MAJEURE DU MOTEUR
637,RÉPARER - AJUSTEMENT D'USAGE,RÉPARER - AJUSTEMENT D'USAGE
638,REMPLACER - COMPOSANTE MAJEURE DU MOTEUR,RÉPARER - INSTRUMENT TABLEAU DE BORD (Gauge dash),VÉRIFIER - COMPOSANTE MAJEURE DU MOTEUR
639,VÉRIFIER - RÉSERVOIR À AIR
640,RECHERCHER PANNE (diagnostic) - COMPRESSEUR
641,RÉPARER - VANAIR,RECHERCHER PANNE (diagnostic) - CARBURANT+ FILTRE
642,RÉPARER - CHASSIS PIÈCE CARROSSERIE,RÉPARER - CHASSIS PIÈCE CARROSSERIE
643,RÉPARER - CHASSIS PIÈCE CARROSSERIE,RÉPARER - FLÈCHE SIGNALÉTIQUE
644,VÉRIFIER - Programme Entretien Préventif
645,INSTALLER - AJUSTEMENT D'USAGE
646,VÉRIFIER - FILAGE ÉLECTRIQUE
647,VÉRIFIER - FILAGE ÉLECTRIQUE
648,TOURNER / MACHINER / FABRIQUER - AJUSTEMENT D'USAGE
649,REMPLACER - FILAGE ÉLECTRIQUE
650,RÉPARER - CHASSIS PIÈCE CARROSSERIE
651,REMPLACER - COLLET,AJUSTER - AJUSTEMENT D'USAGE,AJUSTER - PNEU ROULEMENT DE ROUE (bearing de roue) ROUE,INSTALLER - RÉFLECTEUR
652,RÉPARER - LUMIÈRE DE JOUR (Day running light),MODIFIER - AJUSTEMENT D'USAGE,RÉPARER - LUMIÈRE DE JOUR (Day running light),INSTALLER - CHASSIS PIÈCE CARROSSERIE,REMPLACER - INSTRUMENT TABLEAU DE BORD (Gauge dash),REMPLACER - CHASSIS PIÈCE CARROSSERIE,RÉPARER - COLLET
653,RÉPARER - CHASSIS RÉPARATION / DÉBOSSELAGE CARROSSERIE,RÉPARER - AJUSTEMENT D'USAGE
654,RECHERCHER PANNE (diagnostic) - COMPRESSEUR
655,RECHERCHER PANNE (diagnostic) - VANAIR,RECHERCHER PANNE (diagnostic) - ALTERNATEUR
656,PEINTURER - CHASSIS FINITION PEINTURE CARROSSERIE,PEINTURER - CHASSIS FINITION PEINTURE CARROSSERIE
657,REMPLACER - CHASSIS RÉPARATION / DÉBOSSELAGE CARROSSERIE
658,VÉRIFIER - COMPRESSEUR
659,RÉPARER - AJUSTEMENT D'USAGE
660,RECHERCHER PANNE (diagnostic) - COMPOSANTE MAJEURE DU MOTEUR
661,RECHERCHER PANNE (diagnostic) - COMPRESSEUR
662,RÉPARER - Programme Entretien Préventif
663,VÉRIFIER - BOYAUX À AIR
664,RÉPARER - FABRIQUE SYSTÈME ÉLECTRIQUE,RÉPARER - FILAGE ÉLECTRIQUE
665,INSTALLER - AJUSTEMENT D'USAGE
666,TOURNER / MACHINER / FABRIQUER - AJUSTEMENT D'USAGE
667,MODIFIER - COMPRESSEUR
668,REMPLACER - CAPTEUR
669,INSPECTER VISUELLEMENT - Programme Entretien Préventif,INSTALLER - VANAIR
670,MODIFIER - BATTERIE
671,VÉRIFIER - BATTERIE
672,REMPLACER - PNEU PNEU ROUE,VÉRIFIER - BOÎTIER DE DIRECTION ( Steering box),VÉRIFIER - FUITE HUILE,VÉRIFIER - HUILE + FILTRE
673,RECHERCHER PANNE (diagnostic) - COMPRESSEUR
674,VÉRIFIER - POMPE HYDRAULIQUE SYSTÈME ASSISTÉ
675,RÉPARER - AJUSTEMENT D'USAGE
676,RÉPARER - CHASSIS PIÈCE CARROSSERIE
677,RÉPARER - CHASSIS PIÈCE CARROSSERIE
678,REMPLACER - AIR DRYER,REMPLACER - CHASSIS PIÈCE CARROSSERIE,RÉPARER - LUMIÈRE DE JOUR (Day running light),REMPLACER - RÉCEPTEUR (Booster)
679,REMPLACER - ESSUIE-GLACE
680,RECHERCHER PANNE (diagnostic) - CODE DÉFAUT TABLEAU DE BORD (Fault code)
681,REMPLACER - SYSTÈME ESSUIE-GLACE ET LAVE VITRE
682,REMPLACER - INJECTEUR
683,TOURNER / MACHINER / FABRIQUER - AJUSTEMENT D'USAGE,RÉPARER - FLÈCHE SIGNALÉTIQUE
684,RECHERCHER PANNE (diagnostic) - COMPOSANTE MAJEURE DU MOTEUR
685,VÉRIFIER - Programme Entretien Préventif
686,VÉRIFIER - CARBURANT+ FILTRE
687,RÉPARER - AJUSTEMENT D'USAGE
688,RÉPARER - AJUSTEMENT D'USAGE,RÉPARER - AJUSTEMENT D'USAGE
689,RECHERCHER PANNE (diagnostic) - COMPRESSEUR
690,RÉPARER - AJUSTEMENT D'USAGE
691,RÉPARER - REFROIDISSEMENT HUILE
692,RÉPARER - FILAGE ÉLECTRIQUE,AJUSTER - RÉGLEUR (Slack ajuster),RÉPARER - FILAGE ÉLECTRIQUE
693,REMPLACER - AIR DRYER,RÉPARER - FILAGE ÉLECTRIQUE,RÉPARER - ESPAR,RÉPARER - FILAGE ÉLECTRIQUE,REMPLACER - RÉSERVOIR À AIR
694,REMPLACER - CHASSIS PIÈCE CARROSSERIE,REMPLACER - CHASSIS PIÈCE CARROSSERIE
695,RECHERCHER PANNE (diagnostic) - COMPOSANTE MAJEURE DU MOTEUR
696,VÉRIFIER - CODE DÉFAUT MOTEUR (Fault code)
697,AJUSTER - PNEU ROULEMENT DE ROUE (bearing de roue) ROUE
698,RÉPARER - VALVE DE SUSPENSION
699,VÉRIFIER - VANAIR
700,VÉRIFIER - COMPRESSEUR À AIR,RÉPARER - LUMIÈRE DE JOUR (Day running light),RÉPARER - FILAGE ÉLECTRIQUE
701,RECHERCHER PANNE (diagnostic) - COMPOSANTE MAJEURE DU MOTEUR
702,MODIFIER - AJUSTEMENT D'USAGE
703,RÉPARER - COMPRESSEUR
704,RÉPARER - FILAGE ÉLECTRIQUE
705,MODIFIER - AJUSTEMENT D'USAGE
706,MODIFIER - AJUSTEMENT D'USAGE,MODIFIER - AJUSTEMENT D'USAGE
707,MODIFIER - AJUSTEMENT D'USAGE
708,REMPLACER - HUILE + FILTRE,NETTOYER / LAVER - Programme Entretien Préventif
709,VÉRIFIER - FILAGE ÉLECTRIQUE,REMPLACER - HUILE + FILTRE,VÉRIFIER - AMORTISSEUR,NETTOYER / LAVER - BATTERIE
710,NETTOYER / LAVER - CHASSIS FINITION PEINTURE CARROSSERIE
711,RÉPARER - CHASSIS PIÈCE CARROSSERIE,RECHERCHER PANNE (diagnostic) - VANAIR
712,RÉPARER - TUYAUX
713,MODIFIER - AJUSTEMENT D'USAGE,INSTALLER - CHASSIS PIÈCE CARROSSERIE
714,REMPLACER - BATTERIE
715,RÉPARER - AJUSTEMENT D'USAGE
716,REMPLACER - ESSUIE-GLACE,REMPLACER - TUYAUX,RÉPARER - COMPRESSEUR,REMPLACER - RÉGLEUR (Slack ajuster)
717,REMPLACER - AJUSTEMENT D'USAGE
718,REMPLACER - INSTRUMENT TABLEAU DE BORD (Gauge dash),AJUSTER - INSTRUMENT TABLEAU DE BORD (Gauge dash)
719,REMPLACER - CHAUFFAGE FILTRE A/C SYSTÈME DE CLIMATISATION,REMPLACER - CHAUFFAGE RADIATEUR DE CHAUFFERETTE SYSTÈME DE CLIMATISATION,REMPLACER - AIR DRYER,VÉRIFIER - BATTERIE,RÉPARER - PNEU PNEU ROUE,REMPLACER - COLLET
720,REMPLACER - CHASSIS PIÈCE CARROSSERIE
721,MODIFIER - COMPRESSEUR
722,RÉPARER - AIR DRYER,RÉPARER - COMPRESSEUR
723,RÉPARER - AJUSTEMENT D'USAGE
724,REMPLACER - TUYAUX,RÉPARER - FILAGE ÉLECTRIQUE,RÉPARER - FILAGE ÉLECTRIQUE,REMPLACER - ESSUIE-GLACE
725,REMPLACER - AIR DRYER,RÉPARER - FILAGE ÉLECTRIQUE
726,AJUSTER - TRANSMISSION TRANSMISSION AUTOMATIQUE BOÎTE DE TRANSFERT,INSTALLER - PNEU PNEU ROUE,REMPLACER - CHASSIS PIÈCE CARROSSERIE
727,AJUSTER - BOYAUX À AIR,REMPLACER - BALLON DE SUSPENSION,REMPLACER - BATTERIE
728,REMPLACER - COMPRESSEUR,INSTALLER - AJUSTEMENT D'USAGE,INSTALLER - RÉFLECTEUR,AJUSTER - AJUSTEMENT D'USAGE,RÉPARER - AJUSTEMENT D'USAGE,AJUSTER - CHASSIS PIÈCE CARROSSERIE,VÉRIFIER - COMPRESSEUR
729,AJUSTER - COMPRESSEUR
730,RÉPARER - CHASSIS PIÈCE CARROSSERIE
731,RECHERCHER PANNE (diagnostic) - COMPOSANTE MAJEURE DU MOTEUR
732,SOUDER - CHASSIS RÉPARATION / DÉBOSSELAGE CARROSSERIE
733,RÉPARER - AJUSTEMENT D'USAGE
734,VÉRIFIER - FILAGE ÉLECTRIQUE
735,RÉPARER - CHASSIS RÉPARATION / DÉBOSSELAGE CARROSSERIE
736,VÉRIFIER - COMPRESSEUR
737,RÉPARER - CHASSIS RÉPARATION / DÉBOSSELAGE CARROSSERIE
738,VÉRIFIER - VANAIR
739,AJUSTER - HUILE + FILTRE,AJUSTER - LIQUIDE REFROIDISSEMENT (entret.)+FILTRE,AJUSTER - BATTERIE,RÉPARER - Programme Entretien Préventif
740,REMPLACER - CHASSIS PIÈCE CARROSSERIE,RÉPARER - CHASSIS PIÈCE CARROSSERIE
741,INSPECTER VISUELLEMENT - INSPECTION À L'INTERNE
742,RÉPARER - AJUSTEMENT D'USAGE
743,PEINTURER - CHASSIS RÉPARATION / DÉBOSSELAGE CARROSSERIE
744,REMPLACER - FLÈCHE SIGNALÉTIQUE,RÉPARER - GYROPHARE
745,REMPLACER - COMPRESSEUR
746,VÉRIFIER - FILAGE ÉLECTRIQUE
747,MODIFIER - POMPE À INJECTION
748,RÉPARER - CHAUFFAGE GAZ RÉFRIGÉRANT A/C SYSTÈME DE CLIMATISATION
749,REMPLACER - TENSIONNEUR
750,TOURNER / MACHINER / FABRIQUER - AJUSTEMENT D'USAGE
751,RÉPARER - AJUSTEMENT D'USAGE
752,RÉPARER - COMPRESSEUR
753,INSTALLER - CHASSIS DÉMAQUILLER / IDENTIFIER CARROSSERIE
754,RÉPARER - CARBURANT+ FILTRE
755,RÉPARER - COMPRESSEUR,REMPLACER - GYROPHARE
756,VÉRIFIER - ALTERNATEUR
757,RÉPARER - AJUSTEMENT D'USAGE
